<?xml version="1.0" encoding="UTF-8" standalone="yes"?>
<addon id="repository.709" name="[B]The[COLOR gray] 709[/COLOR][COLOR green]Repo[/COLOR][/B]" version="1.1" provider-name="Zaxxon709">
    <extension point="xbmc.addon.repository" name="The709Repo">
        <dir>
            <info compressed="false">https://raw.githubusercontent.com/Zaxxon709/matrix/main/zips/addons.xml</info>
            <checksum>https://raw.githubusercontent.com/Zaxxon709/matrix/main/zips/addons.xml.md5</checksum>
            <datadir zip="true">https://raw.githubusercontent.com/Zaxxon709/matrix/main/zips/</datadir>
        </dir>
    </extension>
    <extension point="xbmc.addon.metadata">
        <summary>The 709Repo</summary>
        <description>709 Repository</description>
        <disclaimer></disclaimer>
        <platform>all</platform>
        <assets>
            <icon>icon.png</icon>
            <fanart>fanart.jpg</fanart>
        </assets>
    </extension>
</addon>
