<?xml version="1.0" encoding="UTF-8" standalone="yes"?>
<addon id="script.hideosd" version="99.0.9" name="Hide Video OSD" provider-name="aenema, Zaxxon709">
	<requires>
		<import addon="xbmc.python" version="3.0.0" />
	</requires>
	<extension point="xbmc.python.pluginsource" library="main.py">
		<provides>executable</provides>
	</extension>
	<extension point="xbmc.service" library="service.py" start="startup" />
	<extension point="xbmc.addon.metadata">
        <description>A Simple script to autohide video osd for inactivity. Timeout can be set in the addon settings</description>
	
		<summary lang="en">Autohide Video OSD</summary>
		<platform>all</platform>
		<forum>-</forum>
		<website>-</website>
		<source>-</source>
		<news>-</news>
	</extension>
</addon>