<?xml version="1.0" encoding="UTF-8" standalone="yes"?>
<addon id="script.RealDebrid.vpn" name="RealDebrid VPN info" version="1.3.0" provider-name="peno">
	<requires>
	</requires>
	<extension point="xbmc.python.pluginsource" library="addon.py">
		<provides>executable</provides>
	</extension>
	<extension point="xbmc.addon.metadata">
		<platform>all</platform>
		<summary lang="en">RealDebrid VPN info</summary>
		<description lang="en">This addon looks at the page https://real-debrid.com/vpn if the current ip is whitelisted or blocked for RealDebrid</description>
		<license>GNU General Public License, v2</license>
		<language></language>
  		<assets>
    			<icon>icon.png</icon>
    			<fanart>fanart.png</fanart>
  		</assets>
        </extension>
</addon>
